图片,标题,简介,作者,收藏数量,评论数量,类型
http://pic.ecook.cn/web/258291728.jpg!s4,+薄荷小米辣牛肉末,"薄荷小米辣炒牛肉末是云南的特色家常菜。牛肉、小米辣、薄荷，这三样结合起来，是真的别有一番风味，味道清新中带着火辣，试试看吧～
超级下饭！
",honey清清,135,16,云南美食
http://pic.ecook.cn/web/262793489.jpg!s4,味道~黄焖羊肉,这道黄焖羊肉选用云南黑山羊的羊腿，肉质细腻紧致，带皮烧制，更是美味弹牙！,暮色雨虹,127,16,云南美食
http://pic.ecook.cn/web/262319468.jpg!s4,经典酥皮点心~【玫瑰鲜花饼】,"鲜花饼是以云南特有的食用玫瑰花入料的酥饼。它的外层酥皮薄如蝉翼，层层掉酥，
玫瑰内馅清香扑鼻、软糯香甜，深得大家喜爱。那不能随时远赴云南品尝美味的我们
想吃新鲜的香酥鲜花饼怎么办呢？自己做呀。今天我就用新玩具米白色柏翠烤箱来做这个中式酥皮点心，做出的一点不比买的差，非常好吃哦~~
",摩卡tl,87,10,云南美食
http://pic.ecook.cn/web/223284504.jpg!s4,汽锅鸡,汽锅鸡：喜欢吃甜的蒸时放入冰糖，我宗做的是咸汤，打蘸水,媽然一笑,1053,16,云南美食
http://pic.ecook.cn/web/246582975.jpg!s4,火腿土豆饼,云南的朋友送来一大块云南火腿，垂涎三尺！做土豆饼正好用上，成品不是一般的香。,KK琦,110,17,云南美食
http://pic.ecook.cn/web/226470916.jpg!s4,［张家,"注：以下食材用量为5-6人餐
真正的野生菌通常是生长在海拔2000-4500米的原始森林里，它们生长的环境无工业生活污染，无化肥农药滞留。吃野生菌可以防癌保健。因为野生菌所含的营养物质有提高人体细胞活性及加速自由基清除，促进新陈代谢，延缓器官衰退，增加人体免疫功能的作用。",littleooairport,61,29,云南美食
http://pic.ecook.cn/web/15410404.jpg!s4,建水烤豆腐,烤箱也能做名小吃，建水豆腐比别的豆腐绵时，制作过程也很讲究，我会做豆腐，但这样的豆腐，还是买成品好了。,花小小猫,41,18,云南美食
http://pic.ecook.cn/web/255275297.jpg!s4,花米饭,"五色花米饭的由来：
关于布依族的五色花米饭，流传着一个古老的传说：在很久以前壮侗、壮傣、布依三兄弟在恬静的布依河畔辛勤劳作，后来两个哥哥取妻成家。他们商量后决定把这片美丽的土地留给三弟布依，自己带着妻儿另行家园，布依知道后怎么也不肯让两个哥哥去重建家园。壮侗、状傣好说歹说才留住了三弟布依。分手那天正好是农历三月三，以后为了不忘记同胞骨肉之情每逢三月三，三兄弟的子孙都会在布依河畔相聚。他们筛选上等的糯米采集山草稀药做成五彩斑斓的花米饭互祝长命百岁、五谷丰登、六蓄兴旺、生活美满，让人们像花朵一样美丽，永远长生不老。
花米饭的制作有点复杂，小伙伴们看菜谱。淘宝上也有卖的可是假货很多，有一些是用色素染的，分辨的方法就是：看米够不够晶莹透亮。最安全的方法是自己用植物染😄",星落满屋,29,202,云南美食
http://pic.ecook.cn/web/255699131.jpg!s4,超下饭拌面百搭开胃料——,云南的野生菌是季节性美味，在野生菌家族里，鸡枞菌鲜香美味，油鸡枞是云南人口水流一地的下饭菜，且拌面、啃馒头、做菜……百搭的开胃增鲜料，这里的鸡枞菌炸法，也适用于其他野生菌、平菇等。,爱美食爱运动,23,33,云南美食
http://pic.ecook.cn/web/259856358.jpg!s4,风味炒米线,我是在云南出生的，彩云之南景色美，美食更是我的爱，也是儿时的记忆。说到云南美食，米线是必说的一道，但离开云南后，很少吃到味道正宗的了，很多时候想吃只能自己从网上买原料，自己回来做，这道炒米线就是我依照记忆中的味道做出来的,景枚8844,87,13,云南美食
http://pic.ecook.cn/web/249003270.jpg!s4,家乡熏肉米线,此熏肉非彼熏肉哦！具体我也不知道为什么要这样叫，就是大家都叫开了，所以这样叫！,吃魔鬼的软ing,85,41,云南美食
http://pic.ecook.cn/web/7212256.jpg!s4,破酥包,云南破酥包,乔桥,79,6,云南美食
http://pic.ecook.cn/web/241890546.jpg!s4,酸菜,小时候看妈妈做过，现在妈妈去了一年，再也吃不到妈妈的味道啦,琳,67,19,云南美食
http://pic.ecook.cn/web/255985315.jpg!s4,爆炒鸡枞菌—,"雨水丰沛的夏季，睡懒觉的我都要早起上山采菌子，最喜欢鸡枞菌，味道鲜香得很，和老火腿一起炒，山珍美味啊！
但鸡枞也不是平常的，不是常年采菌的人，翻过一座山也未必采着一盘菜，价格自然也不便宜。一年只此一季，怎么样都要吃到！",爱美食爱运动,36,15,云南美食
http://pic.ecook.cn/web/260433784.jpg!s4,"豌豆凉粉
",去过云南旅游的小伙伴都应该吃过这道美食，这是非常出名的当地小吃，特别是夏天的抢手货哦！,Bj1521122047,25,6,云南美食
http://pic.ecook.cn/web/224431716.jpg!s4,［张家,"       注：下面的用料是两到三个人的分量。
       芋头花，就是芋头的花蕾，茎部比较平滑，但外侧有较硬的筋，食用时需要剔除干净；芋头花有治疗胃疼、吐血、痔疮等功效，用手接触芋头花的花蕊会感觉麻，因此在清理时可以戴上一个手套",littleooairport,116,101,云南美食
http://pic.ecook.cn/web/19002968.jpg!s4,腊肉炖白玉萝卜,"切片和萝卜一起炖，少许胡椒粉提个味儿，汤鲜美极了。
做个蘸料，萝卜和肉蘸着吃。
肉真是漂亮，肥瘦均匀，如果不喜过肥，炖之前煎一下想必更好！
",0 夏天0,1180,9,云南美食
http://pic.ecook.cn/web/13686583.jpg!s4,普洱奶茶,口感润和醇滑，暖胃降脂,~小海豚~,1,2,云南美食
http://pic.ecook.cn/web/255754679.jpg!s4,竹荪炖笨鸡汤,"竹荪具有滋补强壮、益气补脑、宁神健体的功效；补气养阴，润肺止咳，清热利湿。竹荪能够保护肝脏，减少腹壁脂肪的积存，有俗称“刮油”的作用；云南苗族人患癌症的几率较低，这与他们经常用竹荪与糯米一同泡水食用可能有关。现代医学研究也证明，竹荪中含有能抑制肿瘤的成分。

笨鸡富含蛋白质，具有维持钾钠平衡;消除水肿。提高免疫力。调低血压 ，缓冲贫血，有利于生长发育。富含烟酸，具有促进消化系统的健康，有益皮肤健康，促进血液循环，降血压，减轻腹泻。富含铜，铜是人体健康不可缺少的微量营养素，对于血液、中枢神经和免疫系统，头发、皮肤和骨骼组织以及脑子和肝、心等内脏的发育和功能有重要影响。",胸有成竹1966,3103,617,云南美食
http://pic.ecook.cn/web/253507373.jpg!s4,红烧牛肉面,"我对面食，有种说不出的情怀！隔三差五地喜欢吃一碗面！对于红烧牛肉面、感触颇深，在云南文山的回民餐馆，制作一碗红烧牛肉面，将牛骨熬制成浓汤，牛腩做肉臊，搭配新鲜湿面、辣椒面、花椒粉等调料…撒上一撮薄荷，将一碗红烧牛肉面发挥到淋漓尽致！
———《小罗妹日食记.红烧牛肉面》",小罗妹,3018,1215,云南美食
http://pic.ecook.cn/web/256618776.jpg!s4,#咸食#  田七大枣煲猪骨汤,"田七又名三七，是云南著名的特产。田七味甘、微苦，性温。归肺、心、肝、大肠经。入血分，可散可收，（1）祛瘀止血。本品既能止血，又能活血散瘀，为止血良药。可用于治疗各种出血证。（2）消肿止痛。治疗跌打瘀肿疼痛、瘀血内阻所致的胸腹及关节疼痛，能活血化瘀消肿。（3）三七有比较好的降低胆固醇，降低甘油三脂的作用。田七的养生价值：因为现在社会正步入老年化，同时冠心病患病率也呈年轻化了，所以我们经常用田七煲汤，可用于调理冠心病。
田七大枣猪骨汤具有滋肝补肺，和胃健脾的作用。适用于体虚贫血，气短咳嗽，脾胃不和的人。孕妇和月经期不能服用。",胸有成竹1966,2549,621,云南美食
http://pic.ecook.cn/web/262662102.jpg!s4,正宗小酥肉,小酥肉是一道传统名菜，在山西、陕西、河南、江西、山东、四川、云南等地较为常见。酥肉的特点就是外酥里嫩、肥而不腻。冬天天气寒冷，比较适合做小酥肉，因为天气冷吃小酥肉不容易上火。炸好可以直接吃或者做汤、下面条、烫火锅等等都是可以的。昨天刚从邻居婆婆那里学过来，今天立马就做了一大盆，全家人吃嗨了。下面我就把刚学来的小酥肉做法，分享给大家，希望大家喜欢。,紫色勿忘我美食,2368,39,云南美食
http://pic.ecook.cn/web/254815649.jpg!s4,麻辣土豆条,土豆，云南人们称为它为：洋芋！洋芋可以做主食，烹煮菜肴，也可以做成各种小吃，麻辣土豆条，云南人们则称它为：麻辣洋芋。麻辣洋芋，是云南街边特色小吃，主要以麻辣爽脆，颇受众人喜爱，吃过麻辣洋芋，会胃口倍增。,小罗妹,1562,1247,云南美食
http://pic.ecook.cn/web/262425609.jpg!s4,土豆也可以做到入口即化,"老奶洋芋是一种食品。

在云南，

人们说这是老奶奶吃的洋芋，

故得此名，口感绵软无需费牙力。
今天小圆就来制作这简单方便，老少皆宜的一道菜品。",小圆食记,948,30,云南美食
http://pic.ecook.cn/web/244692651.jpg!s4,清热祛湿汤~土茯苓赤小豆汤,   用土茯苓主要是清热解毒，配以赤小豆、薏米以清热去湿为主，这样的搭配在广东是比较常见的一种吃法，特别适合闷热多雨、春夏交替的季节。,味谷的厨房,773,57,云南美食
http://pic.ecook.cn/web/256242490.jpg!s4,泰式柠檬酸辣鸡爪,柠檬酸辣鸡爪，是一道很有代表性的云南菜！用柠檬为调味，同样是酸，与用醋绝对不可同日而语，那种酸中带着微甜，吃到口中又清香满嘴的味道，会给味蕾带来不同的感觉！夏日里小清新的开胃美食，想到柠檬酸，咽口水的节奏！,小罗妹,749,1180,云南美食
http://pic.ecook.cn/web/262785942.jpg!s4,年味~树花菜蒸蛋卷,树花菜蒸蛋卷是云南人过年时或婚宴上必备的一道菜品，既漂亮又美味，还老少皆宜。(没有树花菜的朋友可用珊瑚草、木耳或白菜替代，同样很美味哦),暮色雨虹,746,35,云南美食
http://pic.ecook.cn/web/256705476.jpg!s4,板栗烧鸭,云南气候温和，各种水果蔬菜特别多，当下就是板栗成熟的季节，刚好朋友送来一小袋板栗，辛苦老公把板栗剥壳取肉，今天就来一道板栗烧鸭犒劳你吧！,小罗妹,719,1267,云南美食
http://pic.ecook.cn/web/254898968.jpg!s4,全面详解麻辣干拌面,夏天不存在不知道吃什么的情况，哪怕是一碗面都不会吃腻。面的种类有很多，凉面、干拌面、麻辣味、酸辣味的，总有一款适合你！,小罗妹,639,1265,云南美食
http://pic.ecook.cn/web/260290978.jpg!s4,椒盐小土豆,"椒盐小土豆是一道简单的家常菜，主料为土豆，配以椒盐、小葱等制作而成的一道美食。
",火火菇凉y,481,28,云南美食
http://pic.ecook.cn/web/256308615.jpg!s4,沙姜蒸鸡,"小时候我不喜欢吃沙姜，觉得它那味道特别怪，但我老爸特别爱吃，可能是闻多了习惯了那种特殊的味道，不知道什么时候起，我也慢慢爱上了它！
现在这里不常见，可每次看到我都要买来做这道菜，很开心，我老公孩子也喜欢！因为爱上沙姜味（我老家叫它“三赖”）现在吃起来香飘四溢，有种家的温暖，故乡的味道！",陀螺妈妈zjr,461,251,云南美食
http://pic.ecook.cn/web/262936256.jpg!s4,番茄咖喱菜花,"一家都爱吃番茄，苦于超市菜场卖的番茄都像打了激素一样，红是红的，但切开来里面泛生，又硬又酸，煮半天都不烂，还是成块的。
看见某宝上有云南无激素的自然熟的番茄，一口气买了十斤。送了些给亲朋好友，还剩不少。看着摊了一大台面的番茄不禁发起愁来，怎么才吃得完呢，赶紧发掘些番茄菜谱来吧u",澹澹,460,25,云南美食
http://pic.ecook.cn/web/257712481.jpg!s4,最爱包子+蔬菜肉包子,考虑到孩子们，肉包不一定非要全肉，也可以添加各种杂蔬好吃又健康✌✌✌✌✌，家里有老人孩子的友友们可以试试哦,珊妈,428,34,云南美食
http://pic.ecook.cn/web/253505890.jpg!s4,玫瑰酱米凉虾,云南风味小吃玫瑰米凉虾，虽说名字里有虾但是这道美食里并没有采用虾作为食材。云南的米凉虾先将大米制成的米浆煮熟，然后将米浆通过漏勺漏进盛有冷水的盆子中，一道颇为小清新的米凉虾就做好了，因为外形跟虾很像，所以名字中就带上了“虾”。吃的时候，浇上玫瑰糖，趁着还凉着的时候赶紧吃完，因为凉着吃，方能吃出那股香甜的清凉口感。,小罗妹,420,1165,云南美食
http://pic.ecook.cn/web/262765358.jpg!s4,牛肉虾仁炒米线,炒米线是云南的一道特色小吃，没有固定的做法，加的佐料很随意，根据个人喜好来调整，今天我给大家带来的是牛肉虾仁炒米线，此菜品牛肉滑嫩、虾仁鲜甜，加上软糯的米线，实在是完美！,暮色雨虹,418,32,云南美食
http://pic.ecook.cn/web/256852004.jpg!s4,培根风琴烤土豆#辣味#,"第一次吃到这种来自云南的红皮土豆，红皮土豆的颜色很漂亮，呈粉紫色，富含多种微量元素，尤其高含淀粉和花青素，具抗氧化作用，营养丰富，防癌抗癌、美容养颜、护心降血压，食疗效果极佳。红皮土豆相对于一般土豆口感更糯、面，汁多有粘性。
以前用普通的土豆做过烤箱版的风琴土豆，制作时间比较长，今天改版，用微波加空气炸锅来制作，减少了制作时间，制作起来更方便。
",孩妈妮妮,417,1678,云南美食
http://pic.ecook.cn/web/257195637.jpg!s4,柠檬舂鸡脚,云南人不仅爱吃辣，也爱吃酸。云南带酸味的食材也有不少，酸角、柠檬、酸木瓜、酸芒果……来云南有一段时间了，喜欢上了这边的一些小吃，各类舂的小吃中最爱的就是柠檬舂鸡脚，同是一道小吃，做法都略有差异。,小罗妹,379,474,云南美食
http://pic.ecook.cn/web/254096926.jpg!s4,鲜花饼,"我个人是很喜欢吃鲜花饼的
去年中秋节我自己解决了接近一斤的鲜花饼
我自己都惊呆了😂最近突然又想吃了
想想云南的鲜花饼最出名
所以赶快淘宝了云南的玫瑰酱来做

早上看了下物流信息
发现玫瑰酱在配送了
马上开始做皮
做完的时候正好玫瑰酱送到",是冰淇淋的Q,355,49,云南美食
http://pic.ecook.cn/web/263716170.jpg!s4,玫瑰鲜花饼,以云南特有的食用玫瑰花入料，作为云南经典点心代表，历为宫廷御点，广受欢迎。玫瑰花香沁人心脾，玫瑰花饼这一酥点，一口咬下去，外皮酥得掉渣渣,甜甜甜公主,339,22,云南美食
http://pic.ecook.cn/web/256945371.jpg!s4,千张鲈鱼,家里人都说我属猫科离开了鱼就活不下去。正是源于对鱼的痴爱，才让我对鱼系列的菜充满了探究精神。这道千张鲈鱼是我的自创菜，它的到来原因很简单，只有努力要尝试新的做法，才不至于总是在一天天的日子里循环重复地吃着重复的菜。千张鲈鱼保留了鲈鱼的鲜香嫩爽，同时通过鱼汁在蒸制的过程中慢慢渗入把，鲈鱼的鲜香被层层传递给鱼腹下的千张中。味道非常不错！大家试试吧～,膳自做煮,292,43,云南美食
http://pic.ecook.cn/web/257712128.jpg!s4,一锅两吃-老鸡慢炖,小火慢炖那味道鲜呀,poppy-婷,276,40,云南美食
http://pic.ecook.cn/web/263301967.jpg!s4,少许青梅倾斗酒——青梅酒,"身为一个在北方长大的南方人，之前从来不知道青梅是什么。直到很多年前的一则电视广告，广告里面，刘若英说：绿茶配青梅，还是头一回。  很好奇，是什么样的味道呢？被好奇心驱使去买了一瓶，尝了一口，大失所望。

  多年以后，我才真正知道了青梅的滋味。在某宝千挑万选了一家云南的店铺，下单，等收货。收到还没有打开箱子就可以闻到清新的香气。去年时泡了人生第一罐青梅酒。几乎从泡下去的第一天起就会馋的围着酒罐子打转。隔几天接一点尝味道，隔几天又倒一小杯。当时还被家里那位笑话“这酒还没等能喝就得只剩下瓶了。”

   一天天看着罐子里的酒颜色从透明到微黄再到最后深邃的琥珀色。滋味也从最开始酒的辛辣到冰糖融化的甜再到有了梅子的清香，最终达到入口顺滑，清香微涩回味沁香的完美状态。个人感觉，3个月并不是最佳的品酒时间，泡制足1年的梅子酒才最是美味。
  
   时间是一位伟大的魔术师，她赋予食物风味的变化堆积，品尝到美酒的那一刻是不是也在品味光阴呢？
",苏年锦食,233,14,云南美食
http://pic.ecook.cn/web/262949989.jpg!s4,香煎小土豆,"亲戚送我一箱云南的红皮土豆，赶紧煮熟，剥皮，来了个香煎小土豆！
做法超级简单，15分钟搞定，真的好好吃哦，一碗干光光就当下午点心了😋！",-薄荷糖的味道-,206,19,云南美食
http://pic.ecook.cn/web/253082198.jpg!s4,红糖烫面千层饼,红糖指带蜜的甘蔗成品糖，甘蔗经榨汁，浓缩形成的带蜜糖。红糖按结晶颗粒不同，分为片糖、赤砂糖、红糖粉、碗糖等，因没有经过高度精练，几乎保留了蔗汁中的全部成分，除了具备糖的功能外，还含有维生素和微量元素，如铁、锌、锰、铬等，营养成分比白砂糖高很多，市面上已经很少有良心卖家卖纯正的红糖了，著名红糖产地有广西桂林恭城瑶族自治县，云南，江西抚州等地。,妖妖原创美食,204,34,云南美食
http://pic.ecook.cn/web/257532248.jpg!s4,吃掉一朵花+玫瑰蒸饺,颜值爆表的花式蒸饺 ，好吃又好看,珊妈,202,23,云南美食
http://pic.ecook.cn/web/260944531.jpg!s4,彩色糯米饭,看了云南和广西的七彩糯米饭后，一直想试试，但又没有材料泡糯米，后来一想，用蔬菜汁也可以呀！又健康，大家也可以发挥大家身边有的食材，做各种各样的颜色的糯米饭吧！,大样与小样,201,32,云南美食
http://pic.ecook.cn/web/262141898.jpg!s4,叉烧豆腐,这豆腐是用云南特有的石屏豆腐做的，质地细腻，口感清香，手感绵软，有弹性，加了叉烧酱，咸中带鲜，味道鲜美，比肉还好吃。,乐食记,191,15,云南美食
http://pic.ecook.cn/web/263601356.jpg!s4,小夏日水果沙拉盘,夏天水果特别多，多汁的桃子、弥猴桃、杏子、李子、小番茄，各种红的绿的黄的小果果，切块后做一份水果沙拉，看着心情就好，重点是还特别好吃。今天要介绍的这款水果沙拉盘有点特别，不用沙拉酱，用白砂糖和梅子露来调味，放冰箱里冷藏一下味道更赞,金凤梨,188,14,云南美食
http://pic.ecook.cn/web/257137634.jpg!s4,树花菜肉丸子,树花菜，是云南野生可食用灌木和珍稀经济植物。树花菜天然含硒，是无任何化学物质的自然食品，口感爽脆可口，与鸡、鸭、肉丸煮汤，汤鲜味美！树花菜有止干咳、益肝补肾、防癌健身的药用价值，花叶浆汁又是润泽皮肤、美容保健之精品。,小罗妹,181,497,云南美食
http://pic.ecook.cn/web/257403880.jpg!s4,玫瑰豆沙一口酥,一直很喜欢吃云南这边的一款甜品～蛋吉饼，内馅是用玫瑰豆沙做的，总被一股浓郁的玫瑰花香所吸引，今天用同样的玫瑰豆沙做了这款玫瑰豆沙一口酥，阳光明媚的午后，来一杯新鲜果汁，再来一盘玫瑰豆沙一口酥，悠哉悠哉！,小罗妹,165,261,云南美食
http://pic.ecook.cn/web/262261978.jpg!s4,蒜蓉剁椒,有幸试吃了云南高山上种植的无污染辣椒，这款辣椒红得鲜艳，颜色甚是好看，不但颜色好看，就连味道还辣得让人爽爆。冬天即将来临了，又是一个吃香喝辣的季节了，寒冷的冬天里，吃辣椒可以防寒御冷。虽然我们广东这边的人不是太会吃辣，但是偶尔下川湘馆子辣一辣还是有的，那种辣得火冒三丈、满头大汗的感觉还是挺有意思的。,瑗瑗baby,164,22,云南美食
http://pic.ecook.cn/web/256932846.jpg!s4,"厨房神器之___
封油蒜蓉剁椒酱",要拥有一个能制作出各种美食的厨房，需要备制一些必备的酱料。买，是一个渠道，但更多时候自己制作出来的往往更胜一筹。,膳自做煮,158,192,云南美食
http://pic.ecook.cn/web/257406390.jpg!s4,玫瑰鲜花饼,鲜花饼是以云南特有的食用玫瑰花入料的酥饼，是具有云南特色的云南经典点心代表。外皮酥脆，内馅软糯，挥发出阵阵玫瑰花清香，总让人爱不释手。,小罗妹,158,264,云南美食
http://pic.ecook.cn/web/258192632.jpg!s4,秘制卤牛肉,"我在网上厨房的第一篇菜谱，当然要选择美味颜高的，并且，是很家常的。
厨房，在我看来是爱迸发的地方，我家涛叔爱吃清真馆里的凉片（凉片，在云南即是卤牛肉切片，蘸食辣椒水）。每次去回族馆都必点，于是看他那么喜欢，自己回家也给他做，在家做的比外面的卫生健康，咸淡也可以自己调节。
这道卤牛肉需要用到牛腱子肉，即是牛后腿肉，外观呈长圆锥形，肉质纤维略粗，非常适合炖、焖、酱等。
赶紧学做起来吧～不好吃来找我哈哈哈",honey清清,149,17,云南美食
http://pic.ecook.cn/web/262141841.jpg!s4,锅塌豆腐,锅塌豆腐，我这是第二次制作了，之前做的锅塌豆腐用的是菜市场的本地豆腐做的，感觉没有这次做的香。这一次我做的豆腐是云南石屏井水点制的豆腐，是舌尖上的豆腐。我一边煎，香味就已经溢满了整个屋子了，在一旁的小朋友都闻香过来问是什么，那么香了！,瑗瑗baby,140,20,云南美食
http://pic.ecook.cn/web/258262142.jpg!s4,红三剁,年初去云南时在昆明吃到这道菜，看上去简简单单的一道菜却超级下饭，从来没想过下饭菜也可以不燥不咸，西红柿的酸甜味与辣椒味碰撞后如此奇妙，西红柿不酸了辣椒也不辣了，三天两头炒一次，引爆了味口,风过666,130,13,云南美食
http://pic.ecook.cn/web/249080405.jpg!s4,鸡枞菇肉末汤,鸡枞菇是云南特产，它营养价值高，口感脆爽，很适合各种烹饪手法，用来打汤，很鲜甜，今天家里有肉末，就直接用肉末做了个汤，时间很短，但是汤却很鲜甜好喝，是个适合上班族的快手菜,爱生活的馋猫,102,33,云南美食
http://pic.ecook.cn/web/258440500.jpg!s4,地方美食家里吃之河南小酥肉,"酥肉是一道特色传统名菜
香酥嫩滑爽口肥而不腻
河南山东山西陕西
四川云南等地都有这道菜
在河南小酥肉是
过年家宴上必不可少的美味啊
",-自在随风-,101,43,云南美食
http://pic.ecook.cn/web/262714118.jpg!s4,滇味炸酥肉,香酥美味，外酥里嫩，可直接食用，也可加入火锅中烹制。此菜品属云南一道不可或缺的年菜。年前每家每户都会炸很多，等着过年期间慢慢食用。,暮色雨虹,96,13,云南美食
http://pic.ecook.cn/web/257404139.jpg!s4,玫瑰豆沙酥,这款玫瑰豆沙酥特别酥脆，一口咬下去，满口浓郁的玫瑰花清香味，好吃根本停不下来！,小罗妹,94,260,云南美食
http://pic.ecook.cn/web/257758583.jpg!s4,炒鸡枞菌,云南有很多食用菌，品种多味道鲜，价格则是从高到低都有，可以随意选用。到云南玩的时候，品尝过几种，那种来自大自然的鲜美味道让人念念不忘。最近我们这里的大超市有卖来自云南的新鲜的鸡枞菌，看到就立即买了两盒，感慨现在便利的交通运输，让我们不到云南也能吃到云南的菌子啦。两盒鸡枞菌，一盒被我做成了油浸的，这样可以保存住这鲜美的味道留着慢慢品尝，一盒就拿来和肉丝搭配炒了个小菜，也是鲜香味美哦。炒鸡枞菌调味料很简单，其实我就用来姜和盐，只是腌肉的时候给肉调味加了生抽和黄酒，保持食材的本味，才能品尝到食材的天然鲜美味道,万山红,85,89,云南美食
http://pic.ecook.cn/web/261566817.jpg!s4,红薯绿豆汤,我收到了一箱源自云南建水沙莜的红薯试吃，这份红薯是种作在云南的高山红土，这一点也不假，当我收到了包裹，打开纸皮箱封口时，迎面扑来一股清新的泥土气息。看着红薯表面还裹着土红色的泥土就知其品质，是乃远离污染、生态耕作的好品种吧。这么好的东西到我手里，肯定是不会放过它的，必定成为我的餐桌之美味。,瑗瑗baby,84,15,云南美食
http://pic.ecook.cn/web/254219807.jpg!s4,#食二星座#+牛肉瑶柱花菇烧卖,作为高贵冷艳的狮子座月，猪肉烧卖早不能满足了，要来点奢华的材料做烧卖！北海道人肉背回来的瑶柱、云南空运来的花菇、超市里最新鲜的牛肉！来来来！我们来做烧卖！,昵称253485273,82,41,云南美食
http://pic.ecook.cn/web/256958018.jpg!s4,早餐-绵竹笋子米粉,“南方人吃米，北方人吃面，自古亦然。然而在中国，因为地域千差万别，米和面也延伸出许多经典吃法来。米线中最出名的当数云南的过桥米线，然而走遍天南海北，我最喜欢的还是一碗绵竹米粉。”竹笋，在中国自古被当作“菜中珍品”，竹笋含有丰富的蛋白质、氨基酸、脂肪、糖类、钙、磷、铁、胡萝卜素、维生素B1、B2、C，为优良的保健蔬菜。,沙娅琪琪,80,38,云南美食
http://pic.ecook.cn/web/262159097.jpg!s4,酸木瓜炖炖土鸡,我很喜欢吃木瓜，因为它甜美软糯，喜欢这种味道，包括我家的小朋友也是喜欢吃。但是云南有一种木瓜叫酸木瓜，木瓜是酸的从来没有听说过啊，更别说吃过了。今天有幸试吃了云南的酸木瓜，刚刚收到时觉得这种长得像青芒果似的是木瓜吗？后来去了解了它的吃法，可以糖醋，可以炖鸡汤、猪脚汤或是炖鱼都可以的。于是我就决定先来个炖鸡汤试试吧。天气渐渐转凉了，炖个鸡汤喝是最好不过了！,瑗瑗baby,64,27,云南美食
http://pic.ecook.cn/web/262266431.jpg!s4,十味  剁椒鱼头,一直以来都想做个剁椒鱼头，刚好前几天收到的云南高山红辣椒，这正好可以让我有了发挥的地方。因为老公很喜欢吃剁椒鱼头，每次去到川渝菜馆子都会想要点剁椒鱼头的，而每次我都是不是很赞成的，感觉外面的剁椒鱼头吃起来总是少了一份鲜味，虽然辣得爽，但是鱼腥味还是有的。今天我做的这份剁椒鱼头可真是比馆子里做的要好吃太多了，老公一直夸赞不停，说比外面好吃，说以后都不去外面吃！,瑗瑗baby,64,15,云南美食
http://pic.ecook.cn/web/258227995.jpg!s4,宣威+小炒肉,"云南曲靖的宣威，除了名扬天下的宣威火腿，还有一道很家常的小炒肉，看似简单，可是味道却不简单，这盘小炒肉，可以轻轻松松让你甩下一大碗米饭。

色、香、味俱全，一盘小炒肉端上来，每个人都会被它粉白透亮的颜色深深吸引；蒜苗的清香伴随着各种调料不时散发着独特的香味，令人胃口大开，垂涎三尺。小炒肉的做法不难，要抓住处理肉的技巧，就可以做出鲜嫩多汁，独具风味的宣威小炒肉啦～",honey清清,61,20,云南美食
http://pic.ecook.cn/web/258472190.jpg!s4,菜豆腐,这是一款与众不同的嫩豆腐，它的不同之处在于用酸汤点豆腐。在云南东南部的文山，这里的人们善于制作酸汤，酸汤是用一种“酸汤草”为辅助材料（酸汤草是一种草），和芥菜紫甘兰一起腌制发酵而成，成品酸汤有紫甘兰一起腌制，色泽紫红，口感酸中带有醇香！比较有代表性菜肴有酸汤鸡，酸汤牛肉和菜豆腐颇受人喜欢。用酸汤点豆腐，豆浆遇酸汤产生的化学反应转化成豆花，成品豆花不会因为用酸汤而变酸，反而多了一份清爽口感，菜豆腐蘸水以辣椒面、花椒面，大蒜、盐、味精，酸菜，葱和香菜一起调成，炎热的夏天里，菜豆腐是餐桌上的宠儿，豆腐与新鲜蔬菜完美结合，是一道不可多得的开胃消暑美食。,小罗妹,51,27,云南美食
http://pic.ecook.cn/web/258019642.jpg!s4,软糯清香不甜腻的玫瑰鲜花酥饼 ukoeo 风炉制作,"1. 云南对我来说简直是美食的天堂，印象最深的就是玫瑰鲜花饼了。当地人说只有得天独厚的地理位置，才能使玫瑰香味独特，沁人心脾。
2.这个方子可以制作32块，我用 UKOEO 家风炉两盘的量。
3.皮酥馅软糯的口感，添加了蜂蜜更润，还不甜腻，动手做起来吧。",蝴蝶fly,41,7,云南美食
http://pic.ecook.cn/web/262912509.jpg!s4,肉片炒黑鸡枞,利用云南得天独厚的自然气候，鸡枞菌的人工栽培得到了很好的发展，袋栽的鸡㙡菌又称黑皮鸡枞菌，菌体肥厚，肉质鲜美，营养丰富，是不可多得的美食！与肉片、鸡蛋、甜豆、彩椒搭配色彩鲜明，味道鲜美！,胸有成竹1966,34,15,云南美食
http://pic.ecook.cn/web/257091367.jpg!s4,秘制黑松露牛肉酱,对于食材的选择选用餐桌上的黑钻石，黑松露，烹饪过程需要十几道工序，只有经得起等待的才是值得的美味，我们觉得快速成长的果实，廉价而无味。自然孕育要经过雨雪风霜，所以生长的过程是缓慢的。只有在缓慢的成长中，才有充盈的阳光雨露，酸甜可口的甜蜜果汁。所以我们常常鼓励人们放弃使用农药和化肥，减少采收菌菇的次数，让土地和自然有足够的喘息时间，我们常常愿意出更高的价格去兑现我们作为一个人对自然的责任。,小森桃,35,11,云南美食
http://pic.ecook.cn/web/257678511.jpg!s4,三光鸡，饭扫光面扫光馍扫光,在我家地铁口附近，有一个特别小的门帘儿，就餐环境绝对不达标，卖辣鸡面，不是韩国的那个，就是人家自创的，对于多多那只处女座选手，对饭店特别挑剔，别的小店是入不了他的法眼的，但唯独对这家小店情有独钟，带我吃过两次，怎么说呢，确实挺特别，想山寨一次，一不小心居然做的这么好吃，也就有了这个名字。,摩卡好甜,22,2,云南美食
http://pic.ecook.cn/web/21750157.jpg!s4,地方菜-夹沙肉,夹沙肉，我们又叫它甜烧白，是四川，贵州，云南等地的汉族传统名菜，属于川味传统甜菜，选用猪五花肉，将豆沙夹入肉片，蒸至酥软作甜食上桌。成菜白里透红，鲜香甜糯，肥而不腻，老少皆宜。在四川夹沙肉是传统蒸菜九斗碗之一。,顿妈美食,2660,44,云南美食
http://pic.ecook.cn/web/4758885.jpg!s4,尖椒凉拌木耳,超简单又好吃的爽口下饭菜，完全不会做菜的人也不会失败的一道菜。,豆丁妈妈,841,12,云南美食
http://pic.ecook.cn/web/257880794.jpg!s4,大厨秘诀：如何做家常小炒肉,"★★★★★
小圆食记
Menu
宣威不仅有名扬天下的火腿，还有一道地道的风味炒菜——小炒肉。
小炒肉各地都有，但宣威小炒独树一帜。在云南，即使是外省人开的店，宣威小炒肉也是一道招牌菜。

★★★★★
创意指数
小炒肉便当",小圆食记,529,7,云南美食
http://pic.ecook.cn/web/259826053.jpg!s4,野菜~凉拌折耳根,野折耳根原产地为四川、云南、贵州、重庆等周边地区，为具有浓厚地方特色的西南民间野菜。一直受众人喜食。凉拌折耳根脆嫩爽口，富有折耳根特有的芳香，山间田野经常可见！,粒粒糖777,350,70,云南美食
http://pic.ecook.cn/web/15453235.jpg!s4,酸辣豌豆凉粉 ,"豌豆凉粉没有想象的那么难做，几乎就是一次成功。第二天的晚餐餐桌自然就少不了这样一盘酸酸辣辣的豌豆凉粉！
年底的各种家宴上，也少不了这样的凉菜做开胃菜，爽爽滑滑的云南豌豆凉粉口味老少咸宜，不妨试着自己做做吧！做一次凉粉可以出两盘的量，剩下的一半，如果不想继续吃拌凉粉，加喜欢的酱料肉末煎炒一下就是好吃的炒凉粉哦！",潇潇的简约厨房,154,18,云南美食
http://pic.ecook.cn/web/223575886.jpg!s4,外婆菜炒藕丁,这道菜用的是我家乡湖南衡阳农家自种的青菜用水洗净，放开水中焯一下再挂到竹竿上晒干的一种盐白菜做的，云南这边买不到改成了四川的芽菜。为什么叫外婆菜可能因为是女儿回娘家，妈妈总会让女儿带些自己亲手做的干货拿回去，女儿又把这些做成美食让自己小孩品,媽然一笑,153,26,云南美食
http://pic.ecook.cn/web/15344430.jpg!s4,凉拌柠檬鸡丝,柠檬鸡丝是一道在泰国啊、云南啊比较常见的傣族菜，很有东南亚美食的味道。所谓 “正宗” 的做法，用的大多是薄荷、鱼露等比较东南亚的食材和调味料。但我素来不是 “正宗派”，我觉得用手边现有的食材去做出好味道更重要。所以我这道凉拌柠檬鸡丝，用的就都是中国家庭最常见的原料，一样清爽好吃。,_芊芊妈咪,127,16,云南美食
http://pic.ecook.cn/web/263725051.jpg!s4,鲜玉米粑粑,这个季节新鲜的玉米很多香甜软弱过了这个季节在也吃不到这样的口感和味道玉米粑粑也叫包谷粑，是玉米为原料制成，在西南地区颇为流行，是一种美味的云南小吃。,素手做汤羹,106,8,云南美食
http://pic.ecook.cn/web/247195623.jpg!s4,青梅酒,酒是瓶子里的旧时光，我们喝的不是酒，是时光。,云涛霜雪,101,49,云南美食
http://pic.ecook.cn/web/46923810.jpg!s4,玫瑰饼,还记得两年前朋友去云南带回来的那边的玫瑰饼，个人觉得挺美味，一直想着有时间了做一次尝一尝，正好前些日子赶上了一个馅料品牌的团购，我就买了两包玫瑰馅料，好吧原谅我懒不想去自己折腾玫瑰酱，这个馅料做出来不是外面卖的那种齁甜的那种，感觉很是不错，成品口感也非常棒,橘橘橘子er,78,20,云南美食
http://pic.ecook.cn/web/262810521.jpg!s4,姜黄千层饼,"姜黄最近几年火得不要不要的，2017年，媒体将姜黄追捧为“十大超级食物”之一，2018年姜黄上榜“年度全球最受关注的食品原料配方”。

姜黄在印度和东南亚广泛种植，我国福建、云南、广东、广西、西藏等省份也有种植，它和姜都属于姜科，是姜科植物含有的一种天然色素，喜欢咖喱吧，咖哩中的黄色就是姜黄素，有研究表明姜黄素具有消炎杀菌的作用。

每次都做姜黄花卷，这次做成了姜黄千层，一层一层撕着吃，更过瘾，好看又好吃。",我是王梅子,77,15,云南美食
http://pic.ecook.cn/web/15416149.jpg!s4,避风塘炒蟹,"避风塘炒蟹有几大精髓，也并非很难操作，只要拿捏得当，也能模仿出一二。

 首先挑选螃蟹一定要选用大肉蟹，在上海我一般买红鲟来做这道炒蟹，做过多次，确实证明肉越多越能体现这道避风塘的诱人之处，而香港避风塘炒蟹都是非两斤不用，否则肉味便不够鲜甜。
 另一精髓就在于炒蟹的调料，蒜蓉，豆豉，要用香油浸润一天，再同肉蟹，葱姜，云南野生朝天椒一并落锅。炒前要先将蟹斩件炸香，再加辣椒油回锅，蟹肉格外入味。而且这辣椒还有分微辣，小辣，中辣，大辣，巨辣，让人忍不住的口水。
最后一精髓就在于这道蟹的色诱，形诱，香味勾人。上席时油色红艳，金黄澄亮，蒜蓉等配料覆盖蟹面，各种蒜香，椒香，肉香混为一体，让人忍不住食指大动。葱姜蒜蓉的香味浸入蟹肉，蟹块香辣浓郁令人越吃越开胃。",雯婷茜子,77,17,云南美食
http://pic.ecook.cn/web/256049453.jpg!s4,老奶洋芋,"老奶洋芋是云南的特色美食之一。云南人管土豆叫做洋芋，也许因为它在久远的年代也算种舶来品，模样又像我们的“芋儿”一样圆圆胖胖的根生吧！

其口感绵软无需费牙力，在云南，人们说这是老奶奶吃的洋芋，故得此名。

那散发出来的阵阵土豆味儿，吃起来确实很香，还可以添加别的各种配料来丰富口感。有牙的年轻人和小朋友的超级爱~

做法超级简单我们一起来看看吧",树苗妈妈早餐记,70,21,云南美食
http://pic.ecook.cn/web/15328753.jpg!s4,干贝火腿烧冬瓜,"以前看味の素那个干贝素的广告，广告创意大概是妈妈做了一碗干贝烧冬瓜，然后因为太好吃，女儿把留给爸爸那份也吃掉了，那个用筷子一夹软糯无比的冬瓜画面总是印象深刻。除了干贝，还加了一点火腿片，冬瓜除了鲜，还更香了！
",糖盐盐,67,16,云南美食
http://pic.ecook.cn/web/259742560.jpg!s4,沙姜韭菜猪红,"                  沙姜又名山柰，为姜科草本植物山柰的根茎。
中国台湾、广东、广西、云南等省区有栽培。
其含挥发油，主要成分是对-甲氧基桂皮酸乙酯、顺式及反式桂皮酸乙酯、顺式及反式桂皮酸乙酯、龙脑。又含黄酮类成分：山柰酚、山柰素。还含维生素P。
有散寒、去湿、温脾胃、辟恶气的功用。
         猪红就是猪血，它富含维生素B2、维生素C、蛋白质、铁、磷、钙、尼克酸等营养成分，具有提高免疫功能及抗衰老的作用。还能解毒清肠、补血美容，可治瘴气、中风、跌打损伤、骨折及头痛眩晕等症。
           韭菜的营养价值很高，含蛋白质、脂肪、碳水化合物、膳食纤维，还有大量的维生素、胡萝卜素、钙、磷、铁、钾、钠、硒、镁等。
其有抗菌护肝、消除疾病、促进胃肠蠕动、促进骨骼牙齿的发育等很多功效。
在广东，很多茶楼都有这么一道菜：沙姜韭菜猪红。
沙姜独特的香味，加上口感绵滑的猪红，味道真的很好！而且最主要是这道菜不但营养还很健康！
",恩猪,63,15,云南美食
http://pic.ecook.cn/web/225386899.jpg!s4,私房黄焖鸡,"云南菜选料广，风味多，以烹制山珍、水鲜见长。其口味特点是鲜嫩、清香回甜，酸辣适中，偏酸辣微麻，讲究本味和原汁原味，酥脆、糯、重油醇厚，熟而不烂，嫩而不生，点缀得当！这个黄焖鸡的口味不辣适合大众，喜欢的朋友可以试试！
",刀刀,63,25,云南美食
http://pic.ecook.cn/web/259415657.jpg!s4,肉酱意粉,肉酱意粉是儿子最喜欢的妈妈菜谱之一，所以尝试过很多并仍在尝试各种品牌的意粉酱，现在这个牌子是目前找到的最好吃的酱。,澹澹,58,11,云南美食
http://pic.ecook.cn/web/262183248.jpg!s4,桃胶皂角米银耳羹,"女人必须要喝的滋补甜品，美容养颜全靠它了

天气一天天转凉了，也越发的干燥了，皮肤都紧绷的，感觉特别干燥。现在洗澡后都要涂润肤乳了，可这样还是不行。除了外用的，当然还少不了食补。特别是女人一定要补充胶原蛋白，注意皮肤保湿。食补配合外敷真正能做到完美。这个季节一定要给自己炖一份补水养颜、补充胶原蛋白的甜品，常喝皮肤特别水润，满满的胶原蛋白，比敷100张面膜都管用。

桃胶又名桃油，桃脂，桃花泪，桃树胶，是桃树皮中自然分泌出来的树脂，经化学反应而制得的浅黄色粘稠液体，经进一步干燥，粉碎为固体颗粒状，是一种浅黄色透明的固体天然树胶。干的桃胶呈结晶石状很硬，看着有点像琥珀。桃胶有足够的水溶性和适当的粘度，用清水浸泡十多个小时候后泡发变软。它有清血降脂，缓解压力和抗皱嫩肤的功效。桃胶还可养肠胃，同时对面部粉刺、痤疮、色斑均有疗效。
皂角米俗称雪莲子，是皂荚的果实，属高能量、高碳水化合物、低蛋白，低脂肪食物。并含有植物性膳食纤维，富含胶原蛋白，润燥通便，祛风消肿。具有养心通脉、清肝明目等功效，是调和人体脏腑功能的珍贵纯天然绿色滋补食品。皂角米是一种很稀少的产自云南和贵州的天然食物，有“植物燕窝”之称。古时候只有贵族才能吃，是天然的滋补品。它润燥通便，祛风消肿，美容养颜还吃不胖，深受女性喜爱。皂角米的植物胶原非常丰富，泡发时的水满满都是浓稠的精华。常吃皂角米皮肤可以又白又滑，很是养人。
银耳也是一味滋补良药，特点是滋润而不腻滞，既有补脾开胃的功效，又有益气清肠、滋阴润肺的作用。既能增强人体免疫力，又可增强肿瘤患者对放、化疗的耐受力。银耳富有天然植物性胶质，外加其具有滋阴的作用，长期服用可以润肤，并有祛除脸部黄褐斑、雀斑的功效。银耳是种含膳食纤维的减肥食品，它的膳食纤维可助胃肠蠕动，减少脂肪吸收。

以上三种佳品搭配起来，炖煮出的是肉眼看得见的胶原蛋白。快来试试吧！",mature11,49,11,云南美食
http://pic.ecook.cn/web/263742747.jpg!s4,层层酥皮【云腿月饼】一咬鲜香满足,"云腿月饼在云南可谓是铺天盖地，到处都是，是独具风味的云南名点，亦称滇式月饼，它与苏式月饼、广式月饼相比各有千秋。食用时口感酥松，内馅甜中带咸，甜咸适宜，火腿香味浓郁。
",麦子厨房,41,16,云南美食
http://pic.ecook.cn/web/246555801.jpg!s4,原创 | Word妈，这咖啡粽子How吃嘛！,白吃了这么多年的粽子，居然不知道还有这么牛的做法！,碧罗咖啡庄园,38,23,云南美食
http://pic.ecook.cn/web/262324000.jpg!s4,东北大骨头炖酸菜,酸菜在我们的饮食中可以是开胃小菜、下饭菜，也可以作为调味料来制作菜肴，可分为东北酸菜、四川酸菜、贵州酸菜、云南富源酸菜、德国酸菜等，不同地区的酸菜口味风格也不尽相同。老百姓常说的“酸菜”一般指的是所有青菜或白菜所做的所有种类酸菜的总称。今天我用【GOURMETmaxx格瑞美厨多功能料理机】来做这道东北大骨头炖酸菜 今天还用到一个特别的调味料【万字甘醇酱油】。,素手做汤羹,31,12,云南美食
http://pic.ecook.cn/web/262308216.jpg!s4,云腿白糖包,云南盛产火腿，火腿应用于各种美食的制作，煮火腿、炒火腿、火腿月饼、火腿面包……等等，而火腿白糖包也是一道云南特有的美食，今天就和大家一起来完成这道美食的制作，方法简单，口感独特且美味！,暮色雨虹,31,13,云南美食
http://pic.ecook.cn/web/255334643.jpg!s4,凉拌树仔菜,天绿香又名甜绿香、南洋菜、树菜、树仔菜、越南菜、守宫木、泰国枸杞、减肥菜，为野生常绿灌木，多年生观赏野菜。它营养成分高，具独特的药用价值。主要产于南洋群岛和东南亚，在中国海南、广东、江苏、浙江、云南、福建、四川等地有零散栽培，亦有野生。每100克天绿香可提供人体一日所需的维生素；还含有丰富的萝卜素、多种植物蛋白质、矿物元素及人体必需的8种氨基酸等，具有防癌健身、清热解毒、降压降脂、去腻醒酒、调节人体生理机能的功效。天绿香枝粗叶嫩、野味浓香、色泽翠绿、口感清脆，可煮汤、凉拌、下火锅、煮野菜粥等。虽然天绿香营养价值丰富，种植范围广，但其毒性作用也不可轻视，特别是对金属的富集作用可能导致金属含量超标，如果长期大量食用，可能引起慢性毒性，出现一定的临床症状。专家说，说某种食物“致癌”只是一种可能，因为在日常生活中，只要不是天天吃，大量地吃，而且不要生吃，是不用担心其危害的。,喜爱豆子,31,17,云南美食
http://pic.ecook.cn/web/260460158.jpg!s4,四喜烤麸,原来买回的烤麸只会用来煮火锅，后来上海的同学来云南旅游，才教了烤麸可以这样吃……味道确实不错哦！,暮色雨虹,29,18,云南美食
http://pic.ecook.cn/web/256286987.jpg!s4,油鸡枞,一年一度的云南菌子季又开始了，每年都要炸鸡枞油，用来拌面和拌饭是我们最喜爱的食物😋，今年也不例外👩🏻‍🍳,青青素食小厨,27,16,云南美食
http://pic.ecook.cn/web/258373941.jpg!s4,破酥包,云南特色小吃,素手做汤羹,23,12,云南美食
http://pic.ecook.cn/web/258967105.jpg!s4,干贝边炒红米线,芹菜,若愚妈妈,21,12,云南美食
http://pic.ecook.cn/web/260331482.jpg!s4,肉末草芽,草芽是云南建水特有的一种水生植物，是一种名贵的人工栽培的蔬菜，属香蒲科植物，是在水中地下匍匐茎的尖端幼嫩部分。草芽以幼嫩新生根状茎为食用部份。根状茎，圆柱形，顶部呈锥形，形态酷似象牙，故又称“象牙菜”。草芽营养丰富，含多种氨基酸。,暮色雨虹,18,10,云南美食
http://pic.ecook.cn/web/260265035.jpg!s4,菌类料理  十  菌香啤酒鸭,七彩云南一菌菇之乡，一个人，一条路，人在途中，心随景动，从起点，到尽头，也许快乐，或有时孤独，如果心在远方，只需勇敢前行，梦想自会引路，有多远，走多远，把足迹连成生命线旅行，就是以自己的地方到菌菇之乡一七彩云南品味独特的滋味。,馨馨馨,17,5,云南美食
http://pic.ecook.cn/web/262141798.jpg!s4,铁板豆腐,"有幸试吃了云南的井水点制的石屏豆腐，除了豆腐还有接地气的辣椒面，这个辣椒面很鲜很红，听其他试吃的美食没有说，这辣椒面辣得胃里翻腾倒海的，必须吃冰爽的饮料才能解这份辣爽。我是广东人，吃不了太辣的东西，微辣就可以，中辣就已经是极限了，超辣是入不了口的，吃了会胃痛的。
所以这份铁板豆腐也是适应了我们广东人的口味，微辣而已，应该说在外面街边摊也是这个程度的辣吧。自己煎的铁板豆腐就是比外面的香，并且豆腐选的材质也比外面的上档次，吃过了自己做的铁板豆腐，我想大家以后是再也不会想去吃街边摊跟人家挤着吃豆腐的了！自己做的不但健康，并且还鲜香美味得多！
",瑗瑗baby,14,10,云南美食
http://pic.ecook.cn/web/262141780.jpg!s4,客家肉酿豆腐,"我虽然是潮汕人，但是家乡却是潮汕人中的客家人，在潮汕地区里有某部分人是属于客家人的，会讲客家话，不讲潮汕话的。但在潮汕最繁华的地区却是讲潮汕话的，大家都向往城市发展，我也是这样在潮汕的城市生活着，这样也就成了半个客家人半个潮汕人了。自然潮汕菜和客家菜，对我来说都是略懂一二的。
今天我就做了一份比较地道的客家肉酿豆腐，客家人的酿豆腐是先把豆腐两面煎香了，然后再入砂锅加以高汤炖煮的，这样会使豆腐鲜香而多汁，入嘴口齿留香，令人上瘾！这锅酿豆腐，老公吃了一直夸赞不停，说比之前吃的梅州客家酿豆腐要好吃很多，他还一边舀汤喝了，说好鲜美，还一边把汤汁浇入饭里呢，吃到最后汤汁都不剩！",瑗瑗baby,14,10,云南美食
http://pic.ecook.cn/web/258474609.jpg!s4,玫瑰费南雪,费南雪也叫杏仁长蛋糕，源自法语词汇Financier，一款颇有来历的法国小糕点。费南雪的面糊有一大好处是可以放冰箱冷藏，要吃的时候都随取随用， 费南雪花样繁多，已远不止传统的形状和单一口味了，这次加入云南的玫瑰酱，香味浓郁，配一杯玫瑰花茶，暖暖的冬日再好不过了。,希味淡,14,10,云南美食
http://pic.ecook.cn/web/262194347.jpg!s4,糖醋酸木瓜,昨天晚上小编的四姑打电话过来，叫我今天过去她的档口拿点菠萝蜜过来，我说怎么会有菠萝蜜呢？她说是海南寄过来的。四姑知道我和小朋友喜欢吃菠萝蜜，有好吃的都会想到我这个做侄女的。于是，今天我要过去四姑那边时，想着要带点什么给她尝尝，后来想到四姑也爱吃酸甜的东西，冰箱里正有熟透的云南酸木瓜，她也是很喜欢吃木瓜的，估计这种木瓜她是没有吃过，那我就把它做成糖醋酸木瓜吧，让四姑试试这种另类的酸甜美食。,瑗瑗baby,10,10,云南美食
http://pic.ecook.cn/web/262032646.jpg!s4,新文美食  马铃薯熬金瓜,"简介:这道菜是宣化人常吃的一道菜，根据马铃薯的来源、性味和形态，人们给马铃薯取了许多有趣的名字，例如：意大利人叫地豆，法国人叫地萍果，德国人叫地梨，美国人叫爱尔兰豆薯，俄国人叫荷兰薯；我国云南、贵州一带称芋或洋山芋，广西叫番鬼慈薯，山西叫山药蛋，东北各省多称土豆。鉴于名字的混乱，植物学家才给它取了个世界通用的学名——马铃薯
 ",郭新文,8,6,云南美食
http://pic.ecook.cn/web/259930791.jpg!s4,香料图解大公开,"      自从一天妈妈爱上厨房，始于一团发面，但不止于面食，各种菜品一天妈妈都想要尝试去制作，为了学习各种香料的搭配用法，特意跑到市场的香料专供，每种香料买了一份，建这个香料菜谱为了给自己作为学习的资料，同时希望这个菜谱能为厨友们提供一些借鉴和参考，一天妈妈会不定期继续更新香料图解，在制作美食的道路上，我们共同努力，分享美食，分享快乐！
注明：香料解析来自百度百科",大一小天,483,16,云南美食
http://pic.ecook.cn/web/235943426.jpg!s4,菠萝彩虹饭'★,"
        🍍 菠萝饭是一道有名的云南菜，它的原料到处可以买到也可以用菠萝罐头来做味道也不错呢😘💕

         🍍 菠萝饭也可以用大米来做，但是口感稍差，也可以将糯米和大米按照４：１的比例混合；

        😋",媗媗手工坊,251,39,云南美食
http://pic.ecook.cn/web/236057529.jpg!s4,茭瓜胡萝卜鸡蛋饼+#春意绿#,此鸡蛋饼做法简单，适合小孩子食用，是早餐良选，老家做的是用自磨的米浆弄的，放入自种的茭瓜或胡瓜等配料，摇一勺放锅中煎，胡瓜夏天才有，所以只有放暑假时才能吃到，米浆母亲都会多磨，还可以做锅边，配这个摊饼，连江锅边糊很出名哦😁😁😁，还是怀念家乡的味道，可能是年龄大的原因吧,珊妈,129,69,云南美食
http://pic.ecook.cn/web/223241055.jpg!s4,傣味柠檬手撕鸡,云南特色傣味，非常好吃，利用这个方法可以拌黄瓜，拌金针菇等等凉拌风味,优优,114,7,云南美食
http://pic.ecook.cn/web/260547638.jpg!s4,玫瑰花酱,"从新鲜采摘到制作成酱所有过程都是亲自动手！
云南土法腌制！",julycake,110,8,云南美食
http://pic.ecook.cn/web/224386296.jpg!s4,紫苏粑粑,紫苏叶平时作为去腥的调味品在煎鱼炒田螺都会用上。在云南还有一种吃法是炸着吃。裹着面糊炸过的紫苏香、脆可口！味道不逊赣南的月亮粑。,俭俭单单,80,24,云南美食
http://pic.ecook.cn/web/243324695.jpg!s4,椰汁血糯米薏米乌枣粥,补血暖胃，饱肚的一款美食，当下午茶或宵夜，还是小孩正食都可以。,小志,69,18,云南美食
http://pic.ecook.cn/web/13877487.jpg!s4,DIY土豆条,"这道菜其实是在一家云南菜馆吃过后回来试着做的,当时一桌子的菜俺就对这一盘感兴趣,呵呵,好养活吧,其实做起来很简单,把土豆条稍微煎一下，再加上香菜辣椒粉一炒，香味儿就出来了，最后洒上点儿白芝麻增香又好看。",小雏菊02,55,3,云南美食
http://pic.ecook.cn/web/257470941.jpg!s4,养颜清肺羹,秋风扫落叶，家里煲美羹,闲人张大姐,51,9,云南美食
http://pic.ecook.cn/web/245955291.jpg!s4,蚕豆饭,"昨天是立夏，说要吃个蛋，吃碗蚕豆饭。看了微信软文的介绍，才知道，他们说的蚕豆，其实是小豌豆，或者叫油豆。
也有朋友说，蚕豆饭，要用鲜肉和糯米做。我想，不必按部就班，自己想怎么做，就怎么做，我一直觉得，随心最重要。否则为别人活，很累的。",爱心妈妈,51,37,云南美食
http://pic.ecook.cn/web/259445464.jpg!s4,丽江腊排骨锅,"去过丽江的人几乎都吃过啦排骨🍲吧～
感谢快递哥哥、现在物流发达坐在家里就可以采购到来着全国各地的食材～～
去不了丽江就自己做起来",青橙子C,48,10,云南美食
http://pic.ecook.cn/web/260256066.jpg!s4,家乡腊肠豌豆饭🍚🥢,有时候，乡愁不过是一碗家乡美食罢了…而万物复苏的春天，我总能想到母亲那碗鲜甜微辣，浓香回味又软糯可口的腊肠水晶豌豆饭…,葛布该,46,13,云南美食
http://pic.ecook.cn/web/232927688.jpg!s4,西葫芦塌饼的新吃法，附送清新希腊酸奶黄瓜酱秘方,"西葫芦，又叫云南小瓜。中医认为西葫芦具有清热利尿、除烦止渴、润肺止咳、消肿散结的功能。具有减肥、抗癌防癌的功效，另外西葫芦富含水分，有润泽肌肤的作用。
西葫芦的做法很简单，可以素炒、荤炒，也可以加点面粉、鸡蛋做成塌饼，无论哪种做法都非常的爽脆清甜。这个西葫芦塌饼是西方的做法，搭配清新爽口的希腊酸奶黄瓜酱，偶只能说，亲爱的筒子们，这道菜一定要做哦，太美味了！就连不太爱吃西葫芦的KK，也停不下嘴，大赞过瘾。",中纽Nelson,45,23,云南美食
http://pic.ecook.cn/web/256214463.jpg!s4,菊花过桥米线,百度搜索过桥米线，有典故的,已重置,33,7,云南美食
http://pic.ecook.cn/web/254412015.jpg!s4,原味鮮松茸竹荪湯,"又到了吃松茸的季節，松茸被誉为“菌中之王”， 是一种纯天然的珍稀名贵食用菌类。每年的7-9月是云南松茸集中上市的时间，产于云南香格里拉的松茸品质高、新鲜度最好。
身處麗江這塊寶地，自然不能放過它們😂
",青青素食小厨,32,31,云南美食
http://pic.ecook.cn/web/248704498.jpg!s4,韭菜鸡蛋蒸饺,一个云南朋友，送了我一蓝非常新鲜的乡下土鸡蛋。我就想着这么好的食材，要怎么吃才不辜负这个朋友的一番美意呢？哈哈……想到了，自己动手做一道北方面点，是儿时母亲常做给我们吃的_韭菜鸡蛋蒸饺。也是自己最近心心念念的家乡美食之一！,知味人生,25,43,云南美食
http://pic.ecook.cn/web/260185466.jpg!s4,玫瑰卷,玫瑰糖是云南的一种传统食品，每年的4-5月份采摘自家房前屋后的食用玫瑰花瓣，制作成玫瑰糖，然后做成各种点心的馅料，或者添加到各种冷饮中食用。,暮色雨虹,23,6,云南美食
http://pic.ecook.cn/web/257729030.jpg!s4,金耳银耳红枣羹,金耳是主产云南的一种野生名贵食药用菌，气味清香、润滑爽口、营养价值较高，经常食用，金耳丰富的胶质对人体皮肤的角质层有良好的滋养作用，使皮肤弹性增强，皱纹减少，皮肤红润有光泽，七十年代初“邓小平曾用金耳招待日本首相田中.”,小森桃,22,4,云南美食
http://pic.ecook.cn/web/260316603.jpg!s4,红色天然色素,随着人们的生活水平越来越高，对饮食也提出了更高的要求，我们对现在的美食要求，要健康，要营养，零添加，更要天然美味的食物，现在让我们一起来制作一款简单实用的天然色素吧，在家也能自己动手做色素啦，以后在也担心食物中的添加剂了。下面来介绍一下所使用的食材。玫瑰茄又名洛神花、洛神葵、山茄等，是锦葵科木槿属的一年生草本植物，广布于热带和亚热带地区，原产于西非、印度，目前在我国的广东、广西、福建、云南、台湾等地均有栽培。玫瑰茄植株高1．5～2米，茎淡紫色，直立，主干多分枝。叶互生。花在夏秋间开放，花期长，花萼杯状，紫红色，花冠黄色。每当开花季节，红、绿、黄相间，十分美丽，有“植物红宝石”的美誉。,动手工作室,21,7,云南美食
http://pic.ecook.cn/web/260759286.jpg!s4,独家秘制——咖啡粽子,白吃了这么多年的粽子，原来咖啡粽子这么好吃~,碧罗庄园咖啡,19,6,云南美食
http://pic.ecook.cn/web/262457784.jpg!s4,云腿洋芋蒸,云南的好友今日发过来的云腿，自家的云腿，太漂亮了，细细的闻一下，一直原始的香味，为了这淳朴腌鲜，用最简的方式烹饪，再配上一壶老酒。人生不过如此,走马观花吧,14,4,云南美食
http://pic.ecook.cn/web/260266402.jpg!s4,黑大头炒肉,愿名叫玫瑰黑大头是云南昆明比较有名的一道土特产 我个人喜欢跟猪肉炒的吃这样可以当咸菜吃 上班的时候累了不想做饭 那个时候拌饭吃挺下饭的,猫萌酱,13,0,云南美食
http://pic.ecook.cn/web/262484395.jpg!s4,云腿煲仔饭,还是朋友从云南发过来的自制云腿，依然是腌鲜的纯美味道，试一试云腿煲仔饭，想象一下其中味道应该美美的,走马观花吧,13,3,云南美食
http://pic.ecook.cn/web/257711661.jpg!s4,铁核桃油红米拌饭,云南哈尼族在原始森林脚下发明了举世闻名的梯田，引山泉灌溉、吸大地之精华，才有了这红米和核桃,小森桃,12,0,云南美食
http://pic.ecook.cn/web/257075615.jpg!s4,黑松露牛肉酱,对于食材的选择选用餐桌上的黑钻石，黑松露，烹饪过程需要十几道工序，只有经得起等待的才是值得的美味，我们觉得快速成长的果实，廉价而无味。自然孕育要经过雨雪风霜，所以生长的过程是缓慢的。只有在缓慢的成长中，才有充盈的阳光雨露，酸甜可口的甜蜜果汁。所以我们常常鼓励人们放弃使用农药和化肥，减少采收菌菇的次数，让土地和自然有足够的喘息时间，我们常常愿意出更高的价格去兑现我们作为一个人对自然的责任。,小森桃,5,0,云南美食
http://pic.ecook.cn/web/520376.jpg!s4,腌菜炒猪血,材料,昵称442089,65,0,云南美食
http://pic.ecook.cn/web/223972052.jpg!s4,爆炒牛肝菌,雨季来临，野生菌大量上市！美食之旅也将从此开始！对于云南的我们，对野生菌很熟悉。要想吃菌子上山一圈就能拾到很多啊，今天运气很好，不到一小时就拾到好大一袋牛肝菌！今天就和大家分享一下云南农家地道的牛肝菌烹饪方法！,羊辣刺,0,0,云南美食
http://pic.ecook.cn/web/223805898.jpg!s4,黄金薯格,"说起马铃薯，该是最普通的一种食材了。它既是粮食，又是蔬菜。经常吃马铃薯的人身体健康，老得慢，它有和胃健中，解毒消肿的功效。
      在世界各地，根据马铃薯的来源、性味和形态，人们给马铃薯取了许多有趣名字。例如：我国，山东鲁南地区（ 兖州 曲阜 邹城 枣庄 滕州等地）叫地蛋，云南、贵州一带称芋或洋芋，广西叫番鬼慈薯（其实广西大部还是叫马铃薯，有些地方把白皮的叫马铃薯、红皮的叫冬芋），山西叫山药蛋，安徽部分又叫地瓜，东北各省多称土豆。河北地区叫山药蛋、山药。马铃薯又称土豆、洋芋、洋山芋、山药蛋、馍馍蛋、薯仔(香港、广州人的惯称)等。虽然个别地区有叫土豆为“山药蛋”的，其实有真正叫山药蛋的东西。因此需要分清楚，不要误会。意大利人叫地豆，法国人叫地苹果，德国人叫地梨，美国人叫爱尔兰豆薯，俄国人叫荷兰薯。鉴于名字的混乱，植物学家才给它取了个世界通用的学名——马铃薯。
",昵称29809897,931,18,云南美食
http://pic.ecook.cn/web/15494917.jpg!s4,炸干巴,云南汉族善制火腿、腊肉，回族则腌得好干巴。干巴是云南独特的食品，将牛干巴（为回族佳肴，以菜黄牛肉腌制风干而成），切薄片，入油炸成，撒花椒、胡椒面而成。或当炸脆时，撤弃余油，以调制奸的糖醋颠炒挂汁，淋花椒、麻油而成。红光油亮，入口酥脆，香味浓郁。,爱吃肉的叮当猫,6,0,云南美食
http://pic.ecook.cn/web/15682835.jpg!s4,豌豆凉粉,年底的各种家宴上，少不了这样的凉菜做开胃菜，爽爽滑滑的云南豌豆凉粉口味老少咸宜，不妨试着自己做做吧！做一次凉粉可以出两盘的量，剩下的一半，如果不想继续吃拌凉粉，加喜欢的酱料肉末煎炒一下就是好吃的炒凉粉哦！,潇潇的简约厨房,130,10,云南美食
http://pic.ecook.cn/web/225400191.jpg!s4,青头菌,一个吃菌的季节，在云南一到夏天一定少不了菌😝,17蜜坊,28,33,云南美食
http://pic.ecook.cn/web/263867101.jpg!s4,陈皮冰糖柠檬膏,自从有了宝宝之后，真的是玻璃心，天气冷了，自制一点爱心柠檬膏，预防感冒，远离咳嗽,小点点本尊,9,3,云南美食
http://pic.ecook.cn/web/15679676.jpg!s4,卤饵丝,饵块是云南特有的传统小吃，用香米加工制成，饵块切丝便做成了饵丝。往年很少回老家云南过春节，但都会吃到妈妈亲手做的卤饵丝，柔韧留香味醇鲜美，成为独具风味的美食。今年年夜饭终于由我一手操办有机会为妈妈做一次卤饵丝。,_芊芊妈咪,134,12,云南美食
http://pic.ecook.cn/web/1517313.jpg!s4,辣茄西,最家常的小菜〜初次尝到是在云南的一家云南美食馆子〜,mrsgray,263,0,云南美食
http://pic.ecook.cn/web/18913914.jpg!s4,新西兰青口贝炖蛋,昨天有朋友说Jason你做的菜，基本都是原料超级豪华，我们很难跟着学。那今天我就用新西兰最普通的海鲜青口贝来做一道宫廷菜。新西兰青口贝一直是我很喜欢的一种食材，几个世纪以来在毛利部落一直流传着“青口贝让女人变得更漂亮，男人变得更健康”的传说。用中医术语来说，补肾养肝，有助于血液流通。对气血亏虚的人，有良好的作用。 青口贝的壳——在传统中式烹饪里大家在吃完贝壳里的肉后就会扔掉壳子，谁知那些壳子亦能做成鲜甜的海鲜高汤。今天就教大家这个变废为宝鬼马妙招。将青口贝的肉挖出，壳子留用。在这里推荐新西兰进口的“纯”牌青口贝，如需购买可关注 @厨之梦进口食品网,JasonCui ,101,13,云南美食
http://pic.ecook.cn/web/16331110.jpg!s4,海陆碳烤大集锦,海陆碳烤大集锦—新西兰草饲牛排，东海明虾，云南虎掌菌，和各式蔬菜。夏日里出门野餐，或者在自己阳台或花园玩个烧烤，其实真的很有感觉。再来蔬菜色拉，一杯啤酒或者葡萄酒，生活其实可以很惬意。,JasonCui ,138,6,云南美食
http://pic.ecook.cn/web/21115839.jpg!s4,纯手工阿胶糕玫瑰红枣枸杞阿胶膏滋补养生,欢迎加我交流，不懂得也可以用咨询我哦！阿胶是好东西，好补品，也很贵，没熬胶经验的亲们最好不要尝试而且配方也很重要，没时间熬胶的亲们可以找我保证低价无任何添加和防腐剂，便宜的阿胶不要买很伤身体，去药店看看阿胶多少钱一斤算下一斤阿胶糕的成本就知,昵称8274173,14,4,云南美食
http://pic.ecook.cn/web/9055673.jpg!s4,火腿炒苦瓜,去云南人家做客，少了火腿就算不上是完美的接客！尤其是农家火腿，无论是蒸，炖，炒，生吃，火腿都算得上是美味佳肴！,wo为吃狂,14,0,云南美食
